avg_ms,std_ms,p95_ms,p99_ms,instance_type
224.60781329937163,0.6019029428728823,225.49784845068643,225.49784845068643,neuron_core4
