avg_ms,std_ms,p95_ms,p99_ms,instance_type
225.00865259025886,0.5972343648560091,226.01728079898749,226.01728079898749,neuron_core4
