avg_ms,std_ms,p95_ms,p99_ms,instance_type
41.199116940333624,1.6665755106864844,45.87927430511627,45.87927430511627,cpu
